"","length","prologue","epilogue"
"03-Respon",192,12,7
"11-Chanoinnes",412,16,4
"20-Pommes",336,8,4
"28-BourjoiseRomme",216,8,8
"30-DeuxChevaliers",210,13,6
"31-EnfantRosti",180,7,4
"32-PovreChevalier",160,8,4
"33-ChevalierEsquier",228,4,11
"34-BourjoiseNarbonne",224,12,5
"35-ChevalierHermite",172,16,4
"36-Cordouanier",152,20,5
"37-Juitel",164,8,8
"38-EnfantSauvaMere",208,28,2
"39-EauBenoite",168,8,12
"40-RicheGetaPain",168,12,8
"41-ChienMescreant",204,20,16
"42-Pecherresse",152,12,8
"53-Merlin",224,14,12
"55-FlorenceRomme",832,12,3
"57-Anneles",780,84,4
"61-Buef",796,40,8
"74-Beguine",204,32,7
"Abesse",208,12,4
"SaintSauveur",328,10,1
